{
  "generator-jhipster": {
    "applicationIndex": 0,
    "applicationType": "monolith",
    "authenticationType": "oauth2",
    "baseName": "jhipster",
    "blueprints": [
      {
        "name": "generator-jhipster-react-native",
        "version": "4.4.0"
      }
    ],
    "buildTool": "maven",
    "cacheProvider": "ehcache",
    "clientFramework": "no",
    "clientPackageManager": "npm",
    "clientTheme": "none",
    "clientThemeVariant": "",
    "creationTimestamp": 1701602020971,
    "databaseType": "sql",
    "devDatabaseType": "h2Disk",
    "dtoSuffix": "DTO",
    "enableGradleEnterprise": false,
    "enableHibernateCache": true,
    "enableSwaggerCodegen": false,
    "enableTranslation": true,
    "entities": ["Region", "Country", "Location", "Department", "Task", "Employee", "Job", "JobHistory"],
    "entitySuffix": "",
    "gradleEnterpriseHost": "",
    "jhiPrefix": "jhi",
    "jhipsterVersion": "7.9.4",
    "languages": [],
    "lastLiquibaseTimestamp": 1701602500000,
    "messageBroker": false,
    "nativeLanguage": "en",
    "otherModules": [
      {
        "name": "generator-jhipster-react-native",
        "version": "4.4.0"
      }
    ],
    "packageFolder": "com/mycompany/myapp",
    "packageName": "com.mycompany.myapp",
    "pages": [],
    "prodDatabaseType": "postgresql",
    "reactNative": {
      "backend": "/Users/runner/work/generator-jhipster-react-native/backend",
      "detox": true,
      "reactNativeAppName": "RnApp"
    },
    "reactive": false,
    "searchEngine": false,
    "serverPort": "8080",
    "serviceDiscoveryType": false,
    "skipCheckLengthOfIdentifier": false,
    "skipClient": false,
    "skipFakeData": false,
    "skipUserManagement": true,
    "testFrameworks": [],
    "websocket": false,
    "withAdminUi": true
  },
  "generator-jhipster-react-native": {
    "reactNativeBlueprintVersion": "4.4.0"
  }
}
