{
  "angularJSSuffix": "",
  "applications": ["jhipster"],
  "changelogDate": "20231203111540",
  "dto": "no",
  "embedded": false,
  "entityTableName": "country",
  "fields": [
    {
      "fieldName": "countryName",
      "fieldType": "String"
    }
  ],
  "fluentMethods": true,
  "jpaMetamodelFiltering": false,
  "name": "Country",
  "pagination": "no",
  "readOnly": false,
  "relationships": [
    {
      "otherEntityField": "regionName",
      "otherEntityName": "region",
      "relationshipName": "region",
      "relationshipType": "many-to-one"
    }
  ],
  "service": "serviceClass",
  "skipClient": false
}
