{
  "angularJSSuffix": "",
  "applications": ["jhipster"],
  "changelogDate": "20231203111740",
  "dto": "no",
  "embedded": false,
  "entityTableName": "department",
  "fields": [
    {
      "fieldName": "departmentName",
      "fieldType": "String",
      "fieldValidateRules": ["required"]
    },
    {
      "fieldName": "departmentPic",
      "fieldType": "byte[]",
      "fieldTypeBlobContent": "image"
    },
    {
      "fieldName": "departmentDescription",
      "fieldType": "byte[]",
      "fieldTypeBlobContent": "text"
    },
    {
      "fieldName": "departmentInfoPdf",
      "fieldType": "byte[]",
      "fieldTypeBlobContent": "any"
    }
  ],
  "fluentMethods": true,
  "jpaMetamodelFiltering": false,
  "name": "Department",
  "pagination": "no",
  "readOnly": false,
  "relationships": [
    {
      "otherEntityField": "email",
      "otherEntityName": "employee",
      "otherEntityRelationshipName": "department",
      "relationshipName": "employee",
      "relationshipType": "one-to-many"
    },
    {
      "otherEntityField": "streetAddress",
      "otherEntityName": "location",
      "relationshipName": "location",
      "relationshipType": "many-to-one"
    }
  ],
  "service": "serviceClass",
  "skipClient": false
}
