{
  "angularJSSuffix": "",
  "applications": ["jhipster"],
  "changelogDate": "20231203111940",
  "dto": "no",
  "embedded": false,
  "entityTableName": "employee",
  "fields": [
    {
      "fieldName": "firstName",
      "fieldType": "String"
    },
    {
      "fieldName": "lastName",
      "fieldType": "String"
    },
    {
      "fieldName": "email",
      "fieldType": "String"
    },
    {
      "fieldName": "phoneNumber",
      "fieldType": "String"
    },
    {
      "fieldName": "hireDate",
      "fieldType": "Instant"
    },
    {
      "fieldName": "salary",
      "fieldType": "Long"
    },
    {
      "fieldName": "commissionPct",
      "fieldType": "Long"
    }
  ],
  "fluentMethods": true,
  "jpaMetamodelFiltering": false,
  "name": "Employee",
  "pagination": "infinite-scroll",
  "readOnly": false,
  "relationships": [
    {
      "otherEntityField": "jobTitle",
      "otherEntityName": "job",
      "otherEntityRelationshipName": "employee",
      "relationshipName": "job",
      "relationshipType": "one-to-many"
    },
    {
      "otherEntityName": "employee",
      "relationshipName": "manager",
      "relationshipType": "many-to-one"
    },
    {
      "otherEntityField": "departmentName",
      "otherEntityName": "department",
      "otherEntityRelationshipName": "employee",
      "relationshipName": "department",
      "relationshipType": "many-to-one"
    }
  ],
  "service": "serviceClass",
  "skipClient": false
}
