{
  "angularJSSuffix": "",
  "applications": ["jhipster"],
  "changelogDate": "20231203112040",
  "dto": "no",
  "embedded": false,
  "entityTableName": "job",
  "fields": [
    {
      "fieldName": "jobTitle",
      "fieldType": "String"
    },
    {
      "fieldName": "minSalary",
      "fieldType": "Long"
    },
    {
      "fieldName": "maxSalary",
      "fieldType": "Long"
    }
  ],
  "fluentMethods": true,
  "jpaMetamodelFiltering": false,
  "name": "Job",
  "pagination": "pagination",
  "readOnly": false,
  "relationships": [
    {
      "otherEntityField": "title",
      "otherEntityName": "task",
      "otherEntityRelationshipName": "job",
      "ownerSide": true,
      "relationshipName": "task",
      "relationshipType": "many-to-many"
    },
    {
      "otherEntityField": "email",
      "otherEntityName": "employee",
      "otherEntityRelationshipName": "job",
      "relationshipName": "employee",
      "relationshipType": "many-to-one"
    }
  ],
  "service": "serviceClass",
  "skipClient": false
}
