{
  "angularJSSuffix": "",
  "applications": ["jhipster"],
  "changelogDate": "20231203111640",
  "dto": "no",
  "embedded": false,
  "entityTableName": "location",
  "fields": [
    {
      "fieldName": "streetAddress",
      "fieldType": "String"
    },
    {
      "fieldName": "postalCode",
      "fieldType": "String"
    },
    {
      "fieldName": "city",
      "fieldType": "String"
    },
    {
      "fieldName": "stateProvince",
      "fieldType": "String"
    }
  ],
  "fluentMethods": true,
  "jpaMetamodelFiltering": false,
  "name": "Location",
  "pagination": "no",
  "readOnly": false,
  "relationships": [
    {
      "otherEntityField": "countryName",
      "otherEntityName": "country",
      "relationshipName": "country",
      "relationshipType": "many-to-one"
    }
  ],
  "service": "serviceClass",
  "skipClient": false
}
